id,category,difficulty,question,option_a,option_b,option_c,option_d,correct_letter,correct_answer,explanation,source_line
q001,basics,beginner,What is the SI unit of electrical current?,Ampere,Volt,Ohm,Watt,A,Ampere,Current is measured in amperes (A). It describes the rate of flow of electric charge.,82
q002,basics,beginner,"According to Ohm's Law, what happens to current if voltage doubles and resistance is unchanged?",Current halves,Current doubles,Current becomes zero,Resistance doubles,B,Current doubles,"I = V / R. If V doubles while R is constant, current doubles.",98
q003,basics,beginner,Which conductor is commonly used in building wiring because of good conductivity and practical cost?,Copper,Glass,Rubber,PVC,A,Copper,Copper is widely used because it has high conductivity and practical mechanical properties.,120
q004,basics,journeyman,What does 230 V AC normally represent on a household supply label?,Peak voltage,Battery voltage,RMS voltage,Frequency,C,RMS voltage,"AC supply voltage labels normally state RMS value, not peak value.",137
q005,basics,beginner,Which quantity is measured in kilowatt-hours on an electricity bill?,Power,Resistance,Frequency,Energy,D,Energy,kWh is energy: power used over time.,154
q006,basics,beginner,What is the purpose of insulation around a conductor?,Prevent unintended contact and leakage,Increase current,Make voltage higher,Replace earth wire,A,Prevent unintended contact and leakage,"Insulation prevents accidental contact, short circuits, and leakage within its rating.",170
q007,basics,beginner,Which prefix means one thousand?,milli,micro,kilo,mega,C,kilo,"Kilo means 1000, so 1 kW = 1000 W.",191
q008,basics,beginner,A nameplate showing 50 Hz means the equipment is rated for what?,Earth resistance,Cable size,Breaker curve,Supply frequency,D,Supply frequency,50 Hz is the supply frequency rating. Pakistan mains supply is normally 50 Hz.,206
q009,basics,journeyman,"If a 10 Ω resistor carries 2 A, what is the voltage across it?",20 V,5 V,10 V,200 V,A,20 V,V = I × R = 2 × 10 = 20 V.,228
q010,basics,journeyman,What material property mainly determines conductor resistance for a given length and area?,Color,Resistivity,Weight,Brand,B,Resistivity,"Resistance depends on material resistivity, length, and cross-sectional area.",244
q011,basics,beginner,What is the symbol for resistance?,R,V,I,P,A,R,Resistance is represented by R and measured in ohms.,261
q012,basics,beginner,Which statement best describes voltage?,Rate of energy use,Opposition to current,Potential difference between two points,Number of electrons in a wire,C,Potential difference between two points,Voltage is electrical potential difference between two points.,276
q013,basics,beginner,Why should units always be written with measured values?,To make notes longer,To avoid calculation and installation mistakes,To replace testing,To remove need for labels,B,To avoid calculation and installation mistakes,"A value without a unit can be misread, causing wrong cable, breaker, or equipment selection.",297
q014,basics,beginner,What is direct current (DC)?,Current that periodically reverses,Current with no voltage,Current only in transformers,Current that flows in one direction,D,Current that flows in one direction,"DC flows in one direction, such as from batteries or solar panels.",318
q015,basics,journeyman,Which is safest before reading a motor nameplate inside a panel?,Isolate and verify zero energy,Touch terminals first,Use any screwdriver as tester,Ignore PPE for low voltage,A,Isolate and verify zero energy,"Before working inside electrical equipment, isolate and prove dead using proper PPE and tester.",339
q016,safety,beginner,What is the first practical safety step before touching a circuit conductor?,Trust the conductor color without testing,Verify zero energy after isolation,Increase breaker size,Remove earth wire,B,Verify zero energy after isolation,Always isolate and verify zero energy before touching conductors.,361
q017,safety,beginner,What does LOTO stand for?,Load Output Test Only,Live Operation Tool Order,Lockout/Tagout,Line Open Test Output,C,Lockout/Tagout,"LOTO means Lockout/Tagout, used to prevent unexpected energization.",384
q018,safety,journeyman,Which device is primarily used to reduce shock risk from earth leakage?,Contactor,Ordinary switch,MCB used only for overcurrent protection,RCD/RCCB,D,RCD/RCCB,RCD/RCCB detects leakage imbalance and disconnects supply quickly.,406
q019,safety,beginner,Which extinguisher type is commonly suitable for energized electrical fires?,CO₂,Water jet,Water extinguisher while supply remains energized,Wet-chemical extinguisher intended for cooking oils,A,CO₂,CO₂ is non-conductive and commonly used for electrical fires. Always follow local fire guidance.,429
q020,safety,journeyman,What should you do before trusting a voltage tester?,Shake it,Test on a known live source,Wash it with water,Set it to amps,B,Test on a known live source,Prove the tester on a known live source before and after testing for dead.,451
q021,safety,beginner,Why are loose terminals dangerous?,They create heat and arcing risk,They reduce voltage only,They improve power factor,They make RCD unnecessary,A,They create heat and arcing risk,"Loose connections create resistance, heat, arcing, and fire risk.",472
q022,safety,beginner,"If a person is still in contact with live electricity, what should you do first?",Pull them with bare hands,Pour water,Apply ointment,Turn off supply or separate using insulated means,D,Turn off supply or separate using insulated means,Do not touch the victim directly. Isolate power or use insulated means to separate them.,493
q023,safety,beginner,Which PPE item helps protect against eye injury while drilling or working in panels?,Safety glasses,Hearing protection,Safety footwear,Insulating mat,A,Safety glasses,Safety glasses protect eyes from debris and arc/flash hazards depending on work.,515
q024,safety,journeyman,What is wrong with replacing a tripping breaker with a larger one without investigation?,It improves safety,It may overload the cable and cause fire,It lowers current,It improves earthing,B,It may overload the cable and cause fire,Breakers protect cables. Oversizing can allow dangerous overheating.,537
q025,safety,journeyman,Which conductor must not be used as a normal load-carrying neutral?,Protective earth,Phase,Neutral,Switched live,A,Protective earth,"Protective earth is for fault current path, not normal load current.",560
q026,safety,journeyman,What does a 30 mA RCD commonly indicate?,Overload setting,Cable size,Residual current trip sensitivity,Frequency,C,Residual current trip sensitivity,30 mA is a common residual-current sensitivity for additional shock protection.,578
q027,safety,beginner,What is the safest assumption about unknown conductors?,They are dead,They are live until tested and proven dead,They are earth wires,They are low current,B,They are live until tested and proven dead,Treat unknown conductors as live until isolated and verified.,599
q028,safety,beginner,Why should water not be used on energized electrical fires?,It is too cold,It makes smoke darker,It reduces oxygen too fast,It can conduct electricity and cause shock,D,It can conduct electricity and cause shock,Water can conduct current and create shock risk. Isolate power and use suitable extinguisher.,620
q029,safety,journeyman,Which rating should be checked on a multimeter for panel work?,CAT rating,Screen color,Brand logo,Weight,A,CAT rating,CAT rating indicates suitability for electrical transient environments.,641
q030,safety,journeyman,A circuit is switched off but not locked. What is the risk?,No risk exists,Voltage doubles,Someone may re-energize it unexpectedly,RCD stops working,C,Someone may re-energize it unexpectedly,"Without lockout/tagout, another person can switch it back on.",658
q031,circuits,beginner,"In a series circuit, what is the same through all components?",Voltage,Current,Resistance,Power factor,B,Current,Series components carry the same current.,679
q032,circuits,beginner,"In a parallel circuit, what is common across each branch?",Current,Resistance,Voltage,Cable length,C,Voltage,Parallel branches share the same voltage across the supply points.,694
q033,circuits,beginner,What is Pakistan mains frequency normally?,25 Hz,50 Hz,60 Hz,400 Hz,B,50 Hz,Pakistan mains supply is normally 50 Hz.,710
q034,circuits,journeyman,"In a star-connected three-phase system, how is line voltage related to phase voltage?",Phase voltage,Phase voltage / 3,√3 × phase voltage,3 × current,C,√3 × phase voltage,"In star connection, Vline = √3 × Vphase.",725
q035,circuits,journeyman,What fault type occurs when live conductor contacts earth or exposed metalwork?,Open circuit,Normal load,High power factor,Earth fault,D,Earth fault,An earth fault provides unintended current path to earth/exposed conductive parts.,746
q036,circuits,journeyman,Why is three-phase power useful for motors?,No current flows,It removes need for protection,It creates a rotating magnetic field,It works only with DC,C,It creates a rotating magnetic field,Three-phase supply naturally creates a rotating magnetic field for motors.,768
q037,circuits,journeyman,What does RMS value represent for AC?,Average color of waveform,Maximum peak only,Frequency ratio,Equivalent DC heating value,D,Equivalent DC heating value,RMS is the equivalent DC value producing same heating effect.,789
q038,circuits,journeyman,What happens to total resistance when more resistors are added in parallel?,It decreases,It increases,It always becomes zero,It equals largest resistor,A,It decreases,Adding parallel branches provides more current paths and reduces total resistance.,810
q039,circuits,beginner,What is an open circuit?,Unintended high-current path,Earth leakage only,Perfect conductor,Broken/incomplete path preventing current,D,Broken/incomplete path preventing current,"An open circuit is an incomplete path, so normal current cannot flow.",832
q040,circuits,journeyman,What does phase sequence affect most directly?,Color of neutral wire,Battery capacity,Direction of three-phase motor rotation,LED brightness only,C,Direction of three-phase motor rotation,Changing phase sequence reverses many three-phase motors.,853
q041,circuits,journeyman,What is the main reason for balancing three-phase loads?,To eliminate voltage,To reduce imbalance and neutral current,To remove earth wire,To make all breakers same brand,B,To reduce imbalance and neutral current,"Load balancing reduces phase imbalance, neutral current, and transformer stress.",873
q042,circuits,journeyman,Where is Kirchhoff's Current Law applied?,Circuit junction/node,A closed circuit loop,A magnetic core,A waveform peak,A,Circuit junction/node,KCL states current entering a node equals current leaving it.,894
q043,circuits,beginner,Which wire color is commonly used internationally for protective earth?,Blue,Brown only,Green/yellow,Black only,C,Green/yellow,Green/yellow is commonly used for protective earth under IEC-style color coding.,915
q044,circuits,master,What is short circuit current usually limited by?,Load energy consumption,Loop/source impedance,Supply frequency,Power factor alone,B,Loop/source impedance,Fault current is largely limited by source and loop impedance.,932
q045,circuits,journeyman,"In the two-way staircase wiring diagram, which conductors connect the two switches?",Earth only,Neutral only,Traveller wires,Battery leads,C,Traveller wires,Two-way switches use traveller conductors between L1/L2 terminals.,953
q046,calculations,journeyman,Approximately how much current does a 1000 W heater draw at 230 V?,0.23 A,2.3 A,4.35 A,23 A,C,4.35 A,I = P / V = 1000 / 230 ≈ 4.35 A.,975
q047,calculations,beginner,How much current flows when 12 V is applied across 6 Ω?,0.5 A,6 A,72 A,2 A,D,2 A,I = V / R = 12 / 6 = 2 A.,991
q048,calculations,journeyman,Which formula gives balanced three-phase real power?,P = V/I,P = R/V,P = √3 × V × I × PF,P = Ah × V only,C,P = √3 × V × I × PF,"For balanced three-phase AC, P = √3 × line voltage × line current × power factor.",1006
q049,calculations,journeyman,What apparent power is required by a 10 kW load at power factor 0.8?,8 kVA,10 kVA,18 kVA,12.5 kVA,D,12.5 kVA,kVA = kW / PF = 10 / 0.8 = 12.5 kVA.,1022
q050,calculations,master,"If current is 20 A, one-way length is 30 m, and resistance is 7.41 Ω/km, what is the approximate single-phase voltage drop?",0.89 V,8.89 V,44.5 V,230 V,B,8.89 V,VD = 2 × 20 × 30 × 7.41 / 1000 ≈ 8.89 V.,1038
q051,calculations,journeyman,How much current does a 5 kW single-phase load draw at 230 V and power factor 1?,2.17 A,50 A,1150 A,21.7 A,D,21.7 A,I = 5000 / 230 ≈ 21.7 A.,1054
q052,calculations,master,"Approximately what current does a 7.5 kW motor draw at 400 V, power factor 0.85, and 90% efficiency?",4 A,14 A,40 A,140 A,B,14 A,I ≈ 7500 / (1.732×400×0.85×0.9) ≈ 14 A.,1070
q053,calculations,beginner,What is 10 HP approximately in kW?,0.746 kW,13.4 kW,746 kW,7.46 kW,D,7.46 kW,kW = HP × 0.746 = 10 × 0.746 = 7.46 kW.,1086
q054,calculations,beginner,What is 7.46 kW approximately in HP?,1 HP,5 HP,10 HP,100 HP,C,10 HP,HP = kW / 0.746 = 7.46 / 0.746 ≈ 10 HP.,1101
q055,calculations,journeyman,"For a voltage divider with equal resistors and 12 V input, what is the output voltage?",0 V,12 V,24 V,6 V,D,6 V,"Equal R1 and R2 divide voltage equally, so Vout = 6 V.",1116
q056,calculations,beginner,A 60 W lamp replaced by 10 W LED saves how many watts per lamp?,50 W,10 W,60 W,70 W,A,50 W,Saved power = 60 - 10 = 50 W per lamp.,1132
q057,calculations,master,"If fault-loop impedance is 0.2 Ω on 230 V, what is the prospective fault current?",46 A,115 A,1150 A,2300 A,C,1150 A,Isc = V / Z = 230 / 0.2 = 1150 A.,1148
q058,calculations,journeyman,What is the THD when harmonic RMS current is 12 A and fundamental RMS current is 100 A?,12%,1.2%,88%,112%,A,12%,THD = harmonic RMS / fundamental × 100 = 12%.,1164
q059,calculations,journeyman,"At 100% usable capacity, approximately what battery capacity is required for 5 kWh at 48 V?",10 Ah,104 Ah,52 Ah,5000 Ah,B,104 Ah,Ah = Wh / V = 5000 / 48 ≈ 104 Ah before DoD/efficiency margins.,1180
q060,calculations,master,Which formula is used for adiabatic protective-conductor sizing?,S = I√t/k,P = V/I,R = V×I,Ah = W/V only,A,S = I√t/k,Protective conductor adiabatic sizing uses S = I × √t / k.,1197
q061,motors,beginner,What does DOL stand for in motor starting?,Dual Output Load,Direct On Line,Delayed Open Line,Drive Overload Link,B,Direct On Line,DOL means Direct-On-Line starting.,1214
q062,motors,journeyman,Approximately what starting current is typical for a motor started direct-on-line?,0.1× FLC,1× FLC,6–8× FLC,100× FLC always,C,6–8× FLC,DOL starting current can commonly be 6–8 times full-load current.,1234
q063,motors,journeyman,What device protects a motor from sustained overload?,Contactor main contacts,Short-circuit fuse only,Manual isolator only,Overload relay,D,Overload relay,Overload relays trip when motor current exceeds set value for too long.,1251
q064,motors,journeyman,What should a motor overload-relay setting normally be based on?,Upstream breaker frame size only,Motor nameplate full-load current,Starter enclosure size only,Conductor identification only,B,Motor nameplate full-load current,Set overload according to motor nameplate FLC and manufacturer instructions.,1272
q065,motors,master,What does a VFD mainly control to change AC motor speed?,Frequency and voltage,Earth resistance only,Wire color,Fuse brand,A,Frequency and voltage,VFD changes output frequency and voltage to control motor speed.,1294
q066,motors,journeyman,What is synchronous speed for a 4-pole motor at 50 Hz?,750 rpm,1500 rpm,1000 rpm,3000 rpm,B,1500 rpm,Ns = 120f/P = 120×50/4 = 1500 rpm.,1315
q067,motors,journeyman,What is the condition called when one phase is missing from a three-phase motor supply?,Power factoring,Neutral balancing,Single phasing,Loop testing,C,Single phasing,Single phasing can overheat and damage a three-phase motor.,1330
q068,motors,master,Which connection is used first during conventional star-delta starting?,Delta then star,DC then AC,Reverse only,Star then delta,D,Star then delta,Star-delta starters start in star and transition to delta for running.,1352
q069,motors,master,Why must star and delta contactors be interlocked?,To change wire color,To prevent both closing together and causing a short circuit,To remove overload relay,To reduce label size,B,To prevent both closing together and causing a short circuit,Star and delta contactors must never be energized together.,1374
q070,motors,journeyman,What can wrong phase sequence cause on a three-phase motor?,Reverse rotation,Zero slip at full load,Lower supply frequency,Higher insulation resistance,A,Reverse rotation,Swapping two phases reverses many three-phase motors.,1395
q071,motors,journeyman,Which contact is usually in the STOP button circuit?,Normally open only,Earth electrode,Timer coil,Normally closed,D,Normally closed,STOP buttons are usually normally closed so pressing/opening stops the control circuit.,1415
q072,motors,journeyman,"In the DOL starter diagram, which component switches the three motor phases?",Contactor,Overload relay,Control transformer,Manual isolator,A,Contactor,The contactor switches the three-phase motor supply in a DOL starter.,1436
q073,motors,journeyman,Which motor fault is often indicated by excessive vibration and noise?,Perfect power factor,Correct labeling,Bearing/mechanical problem,Low tariff,C,Bearing/mechanical problem,"Vibration and noise often point to bearing, alignment, imbalance, or mechanical issues.",1458
q074,motors,master,What should be checked before selecting a VFD for an existing motor?,Motor insulation suitability and nameplate data,Supply voltage only,Motor cable length only,Panel enclosure size only,A,Motor insulation suitability and nameplate data,"Motor rating, insulation, load, environment, and cable/EMC needs should be checked.",1480
q075,motors,master,Which starter is best suited for direction reversal using two interlocked contactors?,DOL starter,Star-delta starter,Soft starter without reversing contactors,Reverse-forward starter,D,Reverse-forward starter,Forward/reverse starters swap two phases using interlocked contactors.,1502
q076,solar,beginner,What type of electricity do PV panels produce?,AC directly only,DC,No voltage,Only reactive power,B,DC,Solar PV panels produce DC electricity.,1524
q077,solar,journeyman,What does MPPT stand for?,Manual Phase Protection Trip,Main Panel Polarity Test,Motor Power Protection Timer,Maximum Power Point Tracking,D,Maximum Power Point Tracking,MPPT means Maximum Power Point Tracking.,1539
q078,solar,journeyman,Which side of a solar system can remain energized in daylight even if AC is off?,PV DC side,Battery terminals only,Inverter AC output only,Monitoring communication link only,A,PV DC side,PV DC strings can remain live whenever illuminated.,1559
q079,solar,master,What does a grid-tie inverter require to protect utility workers during outage?,Bigger fan only,No earthing,Open neutral,Anti-islanding protection,D,Anti-islanding protection,Anti-islanding disconnects inverter output when grid supply is lost.,1580
q080,solar,journeyman,What does DoD mean for batteries?,Depth of Discharge,Direction of Diode,Drop of Distribution,Duty of Device,A,Depth of Discharge,DoD is the portion of battery capacity used/discharged.,1603
q081,solar,master,Why must PV string Voc be checked?,To determine AC output frequency,To eliminate the need for a DC isolator,To ensure it does not exceed inverter maximum DC voltage,To calculate battery ampere-hours,C,To ensure it does not exceed inverter maximum DC voltage,Cold/bright conditions can raise Voc; it must remain within inverter limits.,1623
q082,solar,journeyman,What is the purpose of a DC isolator in a PV system?,Increase tariff,Reduce roof load only,Change AC frequency,Safely disconnect PV DC supply,D,Safely disconnect PV DC supply,DC isolators provide a rated means of isolating PV DC circuits.,1644
q083,solar,journeyman,Which protection is commonly used for PV string overcurrent where required?,DC-rated fuse/breaker,AC-only miniature circuit breaker,RCD intended for AC residual current,Surge protective device only,A,DC-rated fuse/breaker,PV protection devices must be DC rated for the circuit voltage/current.,1665
q084,solar,master,What sources and loads does a typical hybrid inverter system connect?,"PV and grid only, with no storage or backup output","PV, battery, grid/generator, and backup loads","Battery and loads only, with no charging source","A generator only, with no load output",B,"PV, battery, grid/generator, and backup loads","Hybrid systems combine PV, battery storage, grid/generator input, and selected loads.",1687
q085,solar,journeyman,What should be separated in hybrid systems for backup planning?,Red and blue labels only,Old and new screws,Essential and non-essential loads,North and south walls only,C,Essential and non-essential loads,Essential loads should be separated so backup output is not overloaded.,1709
q086,solar,journeyman,Which meter supports crediting exported solar energy in grid-tie systems?,Import-only energy meter,Bi-directional/net meter,Clamp ammeter,Voltmeter,B,Bi-directional/net meter,Net metering uses a suitable meter to measure import/export energy.,1731
q087,solar,journeyman,"In the grid-tie solar diagram, which device converts PV DC to synchronized grid AC?",Grid-tie inverter,Solar charge controller,DC combiner box,Bi-directional energy meter,A,Grid-tie inverter,The inverter converts PV DC into synchronized AC for grid connection.,1754
q088,solar,journeyman,Why are battery terminals a short-circuit hazard?,They have no voltage,They are always AC,They stop all current,Batteries can deliver very high current,D,Batteries can deliver very high current,Battery banks can deliver extremely high fault current; use DC-rated protection.,1776
q089,solar,beginner,What can shading on one PV string cause?,Higher grid frequency,Better insulation,Reduced output and mismatch losses,No current forever,C,Reduced output and mismatch losses,Shading reduces output and can create mismatch losses.,1797
q090,solar,journeyman,Which device protects sensitive solar electronics from transient surges?,MCB for overcurrent protection,SPD,RCD for residual-current protection,DC isolator,B,SPD,Surge protection devices reduce transient overvoltage risk when correctly installed/earthed.,1817
q091,standards,beginner,What is the safest way to use PEC/local code information in this app?,As final legal approval,As educational reference that must be verified with latest official requirements,As a general reference without checking the adopted edition,As a replacement for manufacturer instructions,B,As educational reference that must be verified with latest official requirements,App content is educational; final work must follow current official standards and authority requirements.,1839
q092,standards,beginner,Who should verify final utility connection requirements in Pakistan?,"Relevant DISCO, K-Electric, regulator, or local authority",Equipment retailer,Previous project documents without rechecking,Online discussion forum,A,"Relevant DISCO, K-Electric, regulator, or local authority","Utility connection, metering, and approval requirements must be verified with the responsible DISCO, K-Electric, regulator, or local authority.",1862
q093,standards,beginner,Who should perform or supervise electrical installations where required by law/code?,Property owner regardless of competence,Qualified/licensed person,Equipment supplier,Unsupervised trainee,B,Qualified/licensed person,Electrical work should be done by competent/licensed persons as required by local rules.,1885
q094,standards,journeyman,Where should current Pakistan grid-tie and net-metering approval requirements be verified?,Installer experience from a previous project,Equipment supplier approval only,Relevant DISCO/NEPRA process and latest rules,A previous customer’s approval,C,Relevant DISCO/NEPRA process and latest rules,Grid-tie/net metering requires compliance with current utility/regulatory process.,1908
q095,standards,beginner,K-Electric-specific service or metering requirements apply mainly to which area?,All of Pakistan regardless of service provider,Any off-grid system worldwide,Every country using IEC standards,Karachi/service territory,D,Karachi/service territory,"K-Electric requirements apply in its service territory, mainly Karachi and surrounding areas.",1931
q096,standards,journeyman,"Why should manufacturer instructions be followed with breakers, RCDs, inverters, and ATS panels?",They replace all testing,They are optional artwork,"They define safe ratings, wiring, settings, and limitations",They lower voltage automatically,C,"They define safe ratings, wiring, settings, and limitations",Manufacturer instructions are part of correct installation and safe operation.,1954
q097,standards,journeyman,Which document/source should be considered authoritative for current legal requirements?,An older superseded edition,A manufacturer brochure only,An app summary without source verification,Latest official code/authority document,D,Latest official code/authority document,Always use the latest official documents and authority guidance for compliance.,1977
q098,standards,beginner,Why are labels important in DBs and solar/generator systems?,They increase current,"They help safe isolation, maintenance, and emergency response",They replace earth wire,They remove PPE need,B,"They help safe isolation, maintenance, and emergency response","Clear labels reduce mistakes during isolation, troubleshooting, and emergencies.",2000
q099,standards,journeyman,What is a good practice before energizing a new circuit?,"Inspect and test continuity, insulation, polarity, and protection",Guess and switch on,Bypass breaker,Remove earth,A,"Inspect and test continuity, insulation, polarity, and protection",Pre-energization testing helps catch dangerous mistakes before power is applied.,2021
q100,standards,journeyman,Why should cable sizing be verified with code tables?,All cables carry infinite current,Color alone defines ampacity,Breakers always protect any cable,"Installation method, grouping, ambient temperature, and insulation affect ampacity",D,"Installation method, grouping, ambient temperature, and insulation affect ampacity",Cable capacity depends on installation conditions and must be checked against tables/standards.,2043
q101,standards,journeyman,"In the distribution-board diagram, what should every outgoing circuit have?",Clear label and suitable protective device,No breaker,Shared random neutral,Disconnected earth,A,Clear label and suitable protective device,DB circuits should be correctly protected and clearly labeled.,2065
q102,standards,master,Why is backfeeding the utility from a generator dangerous?,It improves safety,It lowers fuel use only,It can energize lines and endanger workers/public,It charges batteries automatically,C,It can energize lines and endanger workers/public,Backfeed can energize utility lines; proper transfer equipment prevents it.,2088
q103,standards,journeyman,Which installations commonly require special approval/coordination with utility?,Replacing a like-for-like lamp within an existing circuit,Grid-tie solar and service connection changes,Routine visual cleaning with no electrical alteration,Updating a local circuit label only,B,Grid-tie solar and service connection changes,Utility-interactive systems and service changes require authority coordination.,2110
q104,standards,master,Why are RCD types important for inverter/electronic loads?,All RCDs are identical,RCD type changes cable color,Some loads create DC/pulsed leakage requiring suitable RCD type,It removes need for earthing,C,Some loads create DC/pulsed leakage requiring suitable RCD type,Electronic loads may need specific RCD types; follow manufacturer/code guidance.,2133
q105,standards,beginner,What should be done if app guidance conflicts with latest official requirements?,Follow latest official requirement and qualified professional judgment,Follow app blindly,Follow an older project note,Follow equipment marketing material,A,Follow latest official requirement and qualified professional judgment,Official current requirements and competent professional judgment take priority.,2155
q106,master,master,Why is protection coordination important?,It makes wires invisible,Nearest protective device clears fault without unnecessary upstream shutdown,It removes all faults,It replaces testing,B,Nearest protective device clears fault without unnecessary upstream shutdown,Coordination/selectivity limits outage area and improves safety/continuity.,2178
q107,master,master,What may high neutral current indicate in a three-phase four-wire system supplying many nonlinear loads?,Triplen harmonics,Trip curve only,Perfect balance,No load,A,Triplen harmonics,Triplen harmonics can add in the neutral and cause overheating.,2199
q108,master,master,What is a key risk of overcorrecting power factor with capacitors?,Better safety always,No current,Lower insulation class,Leading PF/resonance issues,D,Leading PF/resonance issues,Overcorrection can create leading PF and resonance/harmonic problems.,2221
q109,master,master,"For SPD effectiveness, which installation detail is very important?",Long coiled connection leads,An undersized protective conductor,"Short, direct earth/connection leads",A remote shared connection path,C,"Short, direct earth/connection leads",Long SPD leads increase let-through voltage; keep connections short and direct.,2243
q110,master,master,What does prospective short-circuit current affect?,Load energy consumption,RCD residual-current sensitivity only,Cable identification color,Breaking capacity selection,D,Breaking capacity selection,Protective device breaking capacity must exceed available fault current.,2265
q111,master,master,"In ATS systems, what prevents utility and generator from being connected together?",Overload relay only,Electrical/mechanical interlocking and transfer logic,RCD test circuit only,Phase-sequence indicator only,B,Electrical/mechanical interlocking and transfer logic,ATS must interlock sources so they cannot parallel unintentionally.,2286
q112,master,master,What is a major EMC practice for VFD/inverter installations?,Removing earth,Bundling all signal and power randomly,"Correct shielding, grounding, and cable routing",Using undersized cable,C,"Correct shielding, grounding, and cable routing","EMC control needs correct cable routing, shielding, filters, and grounding.",2308
q113,master,master,Why is neutral-earth bonding in generator systems design-sensitive?,It affects only generator fuel use,It affects only enclosure IP rating,It is determined only by cable color,Wrong bonding can affect fault clearing and shock protection,D,Wrong bonding can affect fault clearing and shock protection,Neutral/earth arrangement affects protective device operation and touch voltage risk.,2329
q114,master,master,What is the main purpose of an earth fault loop path?,Allow sufficient fault current to disconnect protective device,Increase tariff,Stop all voltage readings,Make neutral optional,A,Allow sufficient fault current to disconnect protective device,A low-impedance fault path helps protective devices disconnect faults quickly.,2352
q115,master,master,Why should VFD output not be switched by ordinary contactors under load unless permitted?,It improves waveform,It lowers harmonics always,It increases insulation,It can damage drive/motor and create transients,D,It can damage drive/motor and create transients,Switching VFD output under load can damage equipment; follow drive manual.,2373
q116,master,master,What is discrimination/selectivity in protection?,All breakers trip together,Downstream device trips before upstream for downstream faults,No breaker trips,Only RCD test button works,B,Downstream device trips before upstream for downstream faults,Selectivity means only the protective device nearest the fault should operate where possible.,2395
q117,master,master,"In the solar DC protection diagram, which device is intended to limit transient overvoltage?",DC SPD,DC fuse,DC isolator,AC RCD,A,DC SPD,Solar DC protection commonly includes DC-rated SPD where required.,2416
q118,master,master,Why must motor reverse-forward contactors be mechanically/electrically interlocked?,To set overload current,To control motor voltage,To provide a start delay only,To prevent simultaneous closing and phase-to-phase short,D,To prevent simultaneous closing and phase-to-phase short,Both contactors closing can create a serious short circuit.,2433
q119,master,master,Which measurement tool feature is needed for distorted harmonic-rich waveforms?,Average-responding meter without True RMS,Insulation-resistance tester only,True RMS / harmonic-capable meter,Continuity buzzer only,C,True RMS / harmonic-capable meter,True RMS and harmonic measurement capability are needed for distorted waveforms.,2455
q120,master,master,What is the professional response to repeated protective device tripping?,Install larger breaker immediately,Bypass protection,Ignore it,Investigate load/fault/cable/protection coordination,D,Investigate load/fault/cable/protection coordination,"Repeated trips indicate a problem that must be diagnosed, not bypassed.",2477
q121,basics,beginner,Which formula gives DC power from voltage and current?,P = V / I,P = I / V,P = V × I,P = V + I,C,P = V × I,"For a DC or resistive circuit, electrical power in watts is voltage multiplied by current: P = V × I.",2499
q122,basics,beginner,"What is the total resistance of 2 Ω, 3 Ω, and 5 Ω connected in series?",1 Ω,5 Ω,30 Ω,10 Ω,D,10 Ω,Series resistances add directly: 2 + 3 + 5 = 10 Ω.,2515
q123,basics,journeyman,Two equal 8 Ω resistors are connected in parallel. What is their equivalent resistance?,8 Ω,4 Ω,16 Ω,64 Ω,B,4 Ω,"Two equal resistors in parallel have half the resistance of either resistor, so 8 Ω / 2 = 4 Ω.",2531
q124,basics,beginner,What does one kilowatt-hour represent?,1000 A flowing for one hour,1 V applied for 1000 hours,1000 Ω connected for one minute,1 kW of power used for one hour,D,1 kW of power used for one hour,A kilowatt-hour is energy: a 1 kW load operating for one hour uses 1 kWh.,2548
q125,basics,journeyman,"For the same material and length, what happens to conductor resistance when cross-sectional area increases?",It increases,It becomes independent of area,It decreases,It always becomes zero,C,It decreases,"R = ρL/A, so increasing conductor cross-sectional area reduces resistance when material and length are unchanged.",2569
q126,basics,beginner,When should a continuity test normally be performed?,On an energized circuit,On an isolated and proven-dead circuit,Only while a motor is running,Only after bypassing protection,B,On an isolated and proven-dead circuit,"Continuity and resistance tests are normally made on circuits that are isolated, proven dead, and discharged.",2591
q127,basics,beginner,What is the normal function of a neutral conductor in a single-phase circuit?,Replace the protective earth,Increase supply frequency,Carry return current under normal operation,Operate only during faults,C,Carry return current under normal operation,The neutral normally completes the circuit and carries load return current; it is not a substitute for protective earth.,2612
q128,basics,beginner,What is the main safety purpose of a protective earth conductor?,Carry normal load current continuously,Increase equipment power,Control motor speed,Provide a fault-current path for automatic disconnection,D,Provide a fault-current path for automatic disconnection,Protective earth connects exposed conductive parts to a fault path so protective devices can disconnect dangerous faults.,2634
q129,basics,journeyman,Approximately what is the peak value of a 230 V RMS sine-wave supply?,325 V,163 V,230 V,460 V,A,325 V,"For a sine wave, Vpeak = Vrms × √2, so 230 × 1.414 is approximately 325 V.",2656
q130,basics,journeyman,What is a key advantage of using a clamp meter to measure current?,It removes the need for isolation in every task,It measures current without opening the conductor path,It automatically tests insulation resistance,It replaces all CAT-rating requirements,B,It measures current without opening the conductor path,"A clamp meter senses the magnetic field around a conductor, allowing current measurement without inserting the meter in series.",2673
q131,safety,journeyman,Why should a voltage tester be checked on a known live source both before and after proving dead?,To confirm the tester worked throughout the test,To increase circuit voltage,To discharge the installation,To measure earth resistance,A,To confirm the tester worked throughout the test,A live-dead-live check confirms the tester functioned before and after the zero-voltage test.,2695
q132,safety,master,"Before work where arc-flash energy may be present, what should determine the required controls and PPE?",The worker’s preferred clothing color,A documented risk assessment and applicable safety requirements,The equipment brand alone,The room temperature alone,B,A documented risk assessment and applicable safety requirements,"Arc-flash controls and PPE must be selected from a competent risk assessment, equipment data, and applicable rules.",2717
q133,safety,journeyman,Why can a disconnected capacitor still be hazardous?,It always produces mechanical rotation,Its resistance becomes zero forever,It changes AC frequency,It may retain a dangerous stored charge,D,It may retain a dangerous stored charge,Capacitors can retain energy after disconnection and must be discharged and verified using the manufacturer’s safe procedure.,2739
q134,safety,beginner,What should be done with an extension lead that has exposed conductors or a damaged plug?,Continue using it at lower current,Remove it from service and have it properly repaired or replaced,Cover it with paper,Use it only outdoors in rain,B,Remove it from service and have it properly repaired or replaced,"Damaged leads can cause shock, short circuit, or fire and should be isolated from use until correctly repaired or replaced.",2760
q135,safety,beginner,Why should metal jewelry be removed before electrical work?,It reduces power factor,It increases insulation resistance,"It can bridge conductors, heat rapidly, and worsen injury",It prevents lockout,C,"It can bridge conductors, heat rapidly, and worsen injury",Metal jewelry can cause a short circuit and severe burns if it contacts energized parts.,2782
q136,safety,master,"Near a ground fault, what do touch and step potentials describe?",Two types of cable insulation,Two motor speed settings,Two breaker trip curves only,Different voltages that can drive current through a person,D,Different voltages that can drive current through a person,"Ground potential rise can create voltage between touched equipment and feet, or between a person’s feet, causing shock current.",2803
q137,safety,journeyman,"Before isolating a hybrid solar installation, which sources must be considered?",Only the utility supply,Only the neutral conductor,"Utility, PV, battery, generator, and stored-energy sources as applicable",Only the monitoring app,C,"Utility, PV, battery, generator, and stored-energy sources as applicable",Hybrid systems can have multiple independent sources; every applicable source and stored-energy hazard must be identified and isolated.,2825
q138,safety,journeyman,Does an RCD remove the need for a protective earth conductor?,"Yes, for every circuit","Yes, if the load is small",Only when the neutral is disconnected,"No, RCD protection and protective earthing serve different functions",D,"No, RCD protection and protective earthing serve different functions",An RCD provides residual-current protection but does not replace required protective earthing and bonding.,2847
q139,safety,journeyman,Who should normally remove a personal lock used for lockout/tagout?,Any available worker,"The person who applied it, following the site procedure",The equipment supplier only,A customer without authorization,B,"The person who applied it, following the site procedure",Personal locks are normally removed by their owner; exceptional removal requires a controlled and documented site procedure.,2868
q140,safety,beginner,"After safely disconnecting power to an electrical-shock casualty, what is the next priority?",Re-energize the circuit,Apply water to energized equipment,Call emergency help and assess breathing/response using trained first aid,Leave the casualty alone,C,Call emergency help and assess breathing/response using trained first aid,"After making the scene electrically safe, summon emergency assistance and provide trained first aid or CPR as required.",2890
q141,circuits,journeyman,What does Kirchhoff’s Voltage Law state for a closed loop?,The algebraic sum of voltages around the loop is zero,All branch currents are equal,Resistance is always zero,Power factor is always one,A,The algebraic sum of voltages around the loop is zero,Kirchhoff’s Voltage Law states that voltage rises and drops around a complete loop sum algebraically to zero.,2912
q142,circuits,journeyman,"At a node, 8 A enters while 3 A leaves through one branch. How much current must leave through the other branch?",2 A,5 A,8 A,11 A,B,5 A,"By Kirchhoff’s Current Law, current entering equals current leaving: 8 = 3 + 5 A.",2933
q143,circuits,journeyman,"For the same real power and voltage, what usually happens to current when power factor decreases?",It increases,It decreases,It remains exactly unchanged,It becomes zero,A,It increases,"For a given real power, lower power factor requires higher current, increasing losses and voltage drop.",2950
q144,circuits,journeyman,"In a delta-connected load, how does phase voltage compare with line voltage?",Phase voltage is line voltage divided by √3,Phase voltage is three times line voltage,Phase voltage equals line voltage,Phase voltage is always zero,C,Phase voltage equals line voltage,"Each delta phase is connected directly between two lines, so phase voltage equals line voltage.",2972
q145,circuits,master,"In a balanced star-connected load, how does line current compare with phase current?",Line current is √3 times phase current,Line current is phase current divided by three,Line current is always zero,Line current equals phase current,D,Line current equals phase current,"In a star connection, each line conductor carries the current of its associated phase, so Iline = Iphase.",2994
q146,circuits,journeyman,"For a perfectly balanced three-phase four-wire load with sinusoidal currents, what is the neutral current?",Approximately zero,Equal to one phase current,Three times one phase current,Always greater than line current,A,Approximately zero,The three equal phase currents are 120 degrees apart and cancel vectorially in the neutral.,3016
q147,circuits,journeyman,"In an ideal inductive AC load, current has which phase relationship to voltage?",Current leads voltage,Current is always zero,Current doubles frequency,Current lags voltage,D,Current lags voltage,"Inductance opposes changes in current, so current lags voltage in an ideal inductive load.",3038
q148,circuits,journeyman,"In an ideal capacitive AC load, current has which phase relationship to voltage?",Current leads voltage,Current lags voltage,Current has no waveform,Current becomes DC,A,Current leads voltage,"In an ideal capacitor, current leads voltage by 90 degrees.",3060
q149,circuits,journeyman,What is the equivalent resistance of 6 Ω and 3 Ω connected in parallel?,1 Ω,2 Ω,3 Ω,9 Ω,B,2 Ω,"1/R = 1/6 + 1/3 = 3/6, so R = 2 Ω.",3082
q150,circuits,master,A load receives low voltage only when high current flows. What should be investigated first?,The breaker brand only,The transformer ratio only,The meter display brightness only,"Excessive circuit impedance, loose connections, and conductor voltage drop",D,"Excessive circuit impedance, loose connections, and conductor voltage drop","A current-dependent voltage reduction commonly points to excessive impedance, undersized conductors, or high-resistance joints.",3098
q151,calculations,beginner,What power is used by a 230 V resistive load drawing 10 A?,230 W,1.0 kW,23 kW,2.3 kW,D,2.3 kW,P = V × I = 230 × 10 = 2300 W = 2.3 kW.,3120
q152,calculations,beginner,How much energy does a 2 kW heater use in 3 hours?,6 kWh,0.67 kWh,5 kWh,9 kWh,A,6 kWh,Energy = power × time = 2 kW × 3 h = 6 kWh.,3135
q153,calculations,journeyman,Approximately what line current does a balanced 10 kW three-phase load draw at 400 V and 0.8 power factor?,9 A,31 A,18 A,50 A,C,18 A,I = P/(√3 × V × PF) = 10000/(1.732 × 400 × 0.8) ≈ 18 A.,3150
q154,calculations,beginner,An 8 V drop occurs on a 230 V circuit. What is the approximate voltage-drop percentage?,1.7%,3.5%,8.0%,28.8%,B,3.5%,"Voltage-drop percentage = 8/230 × 100 ≈ 3.48%, which rounds to about 3.5%.",3166
q155,calculations,journeyman,What is the equivalent resistance of 12 Ω and 4 Ω in parallel?,2 Ω,4 Ω,16 Ω,3 Ω,D,3 Ω,R = (12 × 4)/(12 + 4) = 48/16 = 3 Ω.,3183
q156,calculations,beginner,"What is the nominal stored energy of a 48 V, 100 Ah battery bank?",0.48 kWh,48 kWh,4.8 kWh,480 kWh,C,4.8 kWh,"Nominal energy = V × Ah = 48 × 100 = 4800 Wh = 4.8 kWh, before usable-depth and efficiency limits.",3199
q157,calculations,beginner,How many 550 W panels provide a nominal 5.5 kW array?,5 panels,10 panels,8 panels,12 panels,B,10 panels,Panel count = 5500 W / 550 W = 10 panels.,3216
q158,calculations,journeyman,"Using a 125% planning factor, what design current results from a continuous 16 A load?",20 A,12.8 A,16 A,25 A,A,20 A,Design current = 16 A × 1.25 = 20 A; final cable and protection selection still requires applicable tables and conditions.,3231
q159,calculations,journeyman,"For an ideal 230 V-to-23 V transformer, what secondary current corresponds to 2 A primary current?",0.2 A,20 A,2 A,10 A,B,20 A,"For an ideal transformer, VpIp = VsIs, so Is = 230 × 2 / 23 = 20 A.",3248
q160,calculations,journeyman,How much heat is produced by 2 A through 5 Ω for 10 seconds?,200 J,20 J,50 J,100 J,A,200 J,Joule heating H = I²Rt = 2² × 5 × 10 = 200 J.,3265
q161,motors,journeyman,"A 4-pole, 50 Hz induction motor runs at 1450 rpm. What is its approximate slip?",3.3%,1.0%,5.0%,50%,A,3.3%,"Synchronous speed is 1500 rpm, so slip = (1500 − 1450)/1500 × 100 ≈ 3.3%.",3280
q162,motors,journeyman,Which fault is an overload relay not intended to clear by itself?,Sustained overload,Phase-to-phase short circuit,Locked-rotor overcurrent over time,Single-phasing overload effect,B,Phase-to-phase short circuit,Short circuits require correctly rated short-circuit protective devices; an overload relay is primarily for sustained motor overload.,3297
q163,motors,journeyman,What is the purpose of the contactor auxiliary holding contact in a DOL starter?,Maintain coil energization after START is released,Provide the main short-circuit protection,Change motor frequency,Replace the STOP contact,A,Maintain coil energization after START is released,The normally open auxiliary contact seals around the momentary START button and keeps the contactor coil energized.,3319
q164,motors,journeyman,Which combination commonly suggests phase loss on a running three-phase motor?,Balanced current and normal temperature,"Current imbalance, reduced torque, and overheating",Zero slip at every load,Higher insulation resistance only,B,"Current imbalance, reduced torque, and overheating","Loss of one phase can cause severe current imbalance, low torque, vibration, and rapid motor overheating.",3341
q165,motors,master,"Before insulation-resistance testing a motor circuit containing a VFD, what is essential?",Test through the connected VFD at any voltage,Short all phases to live supply,Remove protective earth permanently,Disconnect or protect electronic equipment according to manufacturer instructions,D,Disconnect or protect electronic equipment according to manufacturer instructions,"Insulation-test voltage can damage drives and electronics, so isolate them and follow equipment-specific test instructions.",3363
q166,motors,journeyman,A motor repeatedly trips its overload after running for several minutes. What should be checked?,Replace the overload relay without measurements,Increase the breaker rating immediately,"Mechanical load, current on each phase, supply voltage, cooling, and overload setting",Reset repeatedly without checking current,C,"Mechanical load, current on each phase, supply voltage, cooling, and overload setting","A delayed overload trip can result from excess load, voltage/current imbalance, cooling problems, or an incorrect relay setting.",3385
q167,motors,master,Which motor connection is normally required for a conventional star-delta starter on a 400 V supply?,A six-lead motor designed to run in delta at the line voltage,A motor with only three inaccessible leads,A single-phase capacitor motor,A DC series motor,A,A six-lead motor designed to run in delta at the line voltage,Star-delta starting requires access to both ends of all three windings and a motor rated to run in delta at the supply line voltage.,3407
q168,motors,journeyman,"Below base speed, which VFD output quantity primarily sets induction-motor speed?",Earth-electrode resistance,Contactor coil color,Frequency,Bearing grease brand,C,Frequency,Induction-motor synchronous speed is proportional to supply frequency; the VFD also manages voltage to maintain suitable flux.,3429
q169,motors,beginner,How is the rotation direction of a typical three-phase motor reversed?,Swap neutral and earth,Increase all conductor sizes,Open the overload contact permanently,Swap any two phase conductors,D,Swap any two phase conductors,Interchanging any two supply phases reverses the rotating magnetic field and normally reverses motor direction.,3451
q170,motors,journeyman,Which maintenance finding most strongly suggests a deteriorating motor bearing?,Stable low vibration,Normal bearing temperature,"Increasing vibration, noise, or bearing temperature",Balanced phase currents alone,C,"Increasing vibration, noise, or bearing temperature","Trending vibration, acoustic noise, and bearing temperature can reveal bearing deterioration before failure.",3473
q171,solar,beginner,"When identical PV modules are connected in series, what primarily increases?",Voltage,Current only,Module area,Grid frequency,A,Voltage,Series-connected module voltages add while the string current is limited by the module/string current.,3495
q172,solar,beginner,"When identical PV strings are connected in parallel, what primarily increases?",Voltage only,Each module Voc,AC frequency,Current capacity,D,Current capacity,Parallel string currents add while the array voltage remains approximately the string voltage.,3512
q173,solar,journeyman,How does cold module temperature normally affect PV open-circuit voltage?,It always reduces Voc to zero,It normally increases Voc,It changes DC into AC,It has no possible effect,B,It normally increases Voc,"PV open-circuit voltage generally rises as cell temperature falls, so cold-condition Voc must be checked against inverter limits.",3534
q174,solar,journeyman,What should the operating Vmp of a PV string satisfy for reliable MPPT operation?,It must always equal zero,It should exceed the inverter absolute maximum,It should remain within the inverter MPPT voltage window,It only needs to match grid frequency,C,It should remain within the inverter MPPT voltage window,The expected string operating voltage across temperature conditions should remain within the inverter’s MPPT operating range.,3556
q175,solar,journeyman,What mainly determines the minimum output-current rating of a battery charge controller?,The enclosure color,Expected charging current with required design margin,The AC socket count only,The panel frame material only,B,Expected charging current with required design margin,"Controller current rating must cover the calculated maximum charging current, applicable continuous factors, and manufacturer requirements.",3578
q176,solar,beginner,What happens when identical batteries are connected in series?,Ampere-hour capacity adds while voltage stays the same,Both voltage and Ah become zero,The batteries produce AC,Voltage adds while ampere-hour capacity remains the same,D,Voltage adds while ampere-hour capacity remains the same,"In a series bank, battery voltages add while the ampere-hour rating remains that of one identical series string.",3600
q177,solar,beginner,What happens when identical battery strings are connected in parallel?,Voltage adds and Ah stays the same,Voltage stays the same while ampere-hour capacity adds,Frequency doubles,Polarity becomes irrelevant,B,Voltage stays the same while ampere-hour capacity adds,Parallel battery strings retain the same nominal voltage and add their ampere-hour capacities.,3622
q178,solar,journeyman,What is a primary function of a lithium-battery BMS?,Convert all DC directly to grid AC,Replace every external fuse and isolator,"Monitor and protect cells against unsafe voltage, current, and temperature conditions",Increase solar irradiance,C,"Monitor and protect cells against unsafe voltage, current, and temperature conditions","A BMS monitors cells and applies limits or disconnection for unsafe voltage, current, temperature, and imbalance conditions.",3644
q179,solar,journeyman,Why is interruption of a DC arc generally more difficult than interruption of an AC arc?,DC has no natural current zero crossing each cycle,DC has no voltage,AC cannot arc,DC conductors have no resistance,A,DC has no natural current zero crossing each cycle,"AC current crosses zero every cycle, helping extinguish an arc; DC requires devices specifically designed to interrupt sustained arcs.",3665
q180,solar,master,"When commissioning a hybrid inverter backup output, what must be verified?",Only the mobile-app theme,Only the PV module color,"Output isolation, neutral-earth arrangement, transfer behavior, and protected-load limits",That all building loads are connected regardless of rating,C,"Output isolation, neutral-earth arrangement, transfer behavior, and protected-load limits","Backup outputs require verified isolation/transfer behavior, earthing and neutral design, protection, and load limits according to the system design.",3687
q181,standards,beginner,Which edition of a standard should be used for a new design?,Any old copy found online,The currently applicable official edition and amendments accepted by the authority,A social-media summary only,The edition with the fewest pages,B,The currently applicable official edition and amendments accepted by the authority,"Design work should use the edition, amendments, and local requirements currently adopted by the responsible authority.",3709
q182,standards,journeyman,Why should commissioning test results be recorded?,To replace the protective devices,To avoid identifying circuits,To demonstrate verification and provide a baseline for maintenance,To make future testing impossible,C,To demonstrate verification and provide a baseline for maintenance,"Documented results support compliance, traceability, future maintenance, and comparison when faults develop.",3730
q183,standards,journeyman,"When coordinating a cable and an overcurrent protective device, what principle is essential?",The breaker may always be larger than the cable capacity,Cable color determines the breaker rating,The protective device is optional when a label is fitted,The device rating and operating characteristics must protect the cable under the applicable conditions,D,The device rating and operating characteristics must protect the cable under the applicable conditions,Protection must be selected so the conductor is not subjected to damaging overload or fault energy under the applicable installation conditions.,3751
q184,standards,journeyman,Does pressing an RCD test button replace periodic instrument testing required by applicable rules?,"Yes, in every installation","Yes, if the button is colored blue","No, the test button is a functional check and does not replace required verification",Only when protective earth is absent,C,"No, the test button is a functional check and does not replace required verification",The built-in button checks a functional trip mechanism; required trip-time/current verification needs suitable test equipment and procedures.,3773
q185,standards,beginner,Can conductor color alone be accepted as proof that a circuit is dead?,"Yes, color is conclusive","Yes, when the cable is new",Only for three-phase circuits,"No, identify, isolate, and test with suitable equipment",D,"No, identify, isolate, and test with suitable equipment","Colors can be incorrect, altered, or legacy; safe isolation requires proper identification and electrical testing.",3795
q186,standards,journeyman,What does an equipment IP rating describe?,The maximum power factor,"Protection against access, solid objects, and water ingress",The conductor material,The utility tariff class,B,"Protection against access, solid objects, and water ingress","Ingress Protection ratings classify enclosure protection against access to hazardous parts, solids, and water.",3817
q187,standards,master,Why must a protective device’s breaking capacity be checked against prospective fault current?,The device must safely interrupt the available fault current,Breaking capacity controls cable color,A lower rating always trips faster and safely,Fault current is unrelated to protective devices,A,The device must safely interrupt the available fault current,A protective device must have adequate rated breaking capacity for the maximum prospective short-circuit current at its installation point.,3838
q188,standards,journeyman,"After a significant electrical modification, what documentation should be updated?",Only the customer’s wallpaper,Nothing if the circuit operates,"Circuit schedules, drawings, labels, settings, and test records as applicable",Only the invoice number,C,"Circuit schedules, drawings, labels, settings, and test records as applicable","Accurate records and labels are needed for safe operation, future isolation, maintenance, inspection, and emergency response.",3860
q189,standards,journeyman,What is an important requirement for an isolation device used during maintenance?,"It must be suitable, identifiable, accessible, and capable of secure isolation where required",It should be hidden and unlabeled,It may depend only on software without design verification,It should interrupt protective earth first,A,"It must be suitable, identifiable, accessible, and capable of secure isolation where required","Maintenance isolation must use appropriately rated and identifiable means, with secure lockout where required by the procedure.",3882
q190,standards,master,"For an EV charging installation, which sources should determine RCD type and earthing arrangements?",A generic extension-lead label only,The vehicle color,A domestic lamp-circuit diagram,"Applicable local rules, supply characteristics, charger instructions, and competent design",D,"Applicable local rules, supply characteristics, charger instructions, and competent design","EV protection and earthing depend on the supply system, charger design, local requirements, and manufacturer instructions.",3904
q191,master,master,What information is most useful when assessing selectivity between two circuit breakers?,Their enclosure colors,Their time-current characteristics and manufacturer selectivity data,Their purchase dates only,The length of their labels,B,Their time-current characteristics and manufacturer selectivity data,"Selectivity assessment uses device curves, fault levels, settings, and tested manufacturer coordination tables.",3926
q192,master,master,Why must the secondary of an energized current transformer not be left open-circuit?,Dangerously high voltage can develop,The primary current becomes zero safely,It improves measurement accuracy,It reduces insulation stress,A,Dangerously high voltage can develop,An open CT secondary can develop hazardous voltage and overheat the core; use approved shorting and isolation procedures.,3948
q193,master,master,"In a harmonic-rich installation, why might a detuned reactor be used with a capacitor bank?",To increase neutral current intentionally,To reduce harmonic resonance and protect capacitors,To remove all overcurrent protection,To convert the bank to DC,B,To reduce harmonic resonance and protect capacitors,Detuned reactors shift the resonant frequency and limit harmful harmonic currents in power-factor correction equipment.,3970
q194,master,master,A transformer causes nuisance instantaneous tripping only at energization. What phenomenon should be considered?,Magnetizing inrush current,Normal earth continuity,Improved power factor,Reduced prospective fault current,A,Magnetizing inrush current,Transformer energization can produce a high asymmetrical magnetizing inrush that must be considered in protection selection and coordination.,3992
q195,master,master,Why may overcurrent protection alone fail to clear a high-impedance earth fault quickly?,Earth faults always have infinite current,Overcurrent devices respond only to frequency,Fault current may be below the overcurrent trip threshold,Protective earth blocks all fault current,C,Fault current may be below the overcurrent trip threshold,"A high-impedance fault can limit current below the overcurrent device’s prompt operating level, requiring appropriate earth-fault/residual protection.",4014
q196,master,master,What determines whether an ATS should switch the neutral conductor?,The ATS enclosure color,"The earthing system, source arrangement, equipment design, and applicable rules",The generator fuel level only,The number of outgoing labels,B,"The earthing system, source arrangement, equipment design, and applicable rules","Neutral switching affects bonding, fault paths, and source separation and must follow the engineered earthing/source arrangement.",4036
q197,master,master,"Before two AC generators are paralleled, which conditions must be matched?",Only enclosure temperature,Only fuel-tank size,"Voltage, frequency, phase sequence, and phase angle",Only neutral-conductor color,C,"Voltage, frequency, phase sequence, and phase angle","Safe synchronization requires compatible voltage and frequency, the same phase sequence, and close phase-angle alignment.",4058
q198,master,master,"For a long VFD-to-motor cable, what issue may require an output reactor or dV/dt filter?",Reflected-wave voltage stress on motor insulation,Lower utility tariff,Loss of protective-earth color,Mechanical shaft alignment only,A,Reflected-wave voltage stress on motor insulation,Fast VFD voltage edges and long cables can create reflected-wave overvoltage at the motor; follow drive and motor guidance.,4080
q199,master,master,Why can the neutral conductor need special consideration with many single-phase nonlinear loads?,All harmonic currents cancel completely,The neutral carries no current by definition,Triplen harmonic currents can add in the neutral,Nonlinear loads always have unity power factor,C,Triplen harmonic currents can add in the neutral,"Zero-sequence triplen harmonics from nonlinear loads can add rather than cancel in a shared neutral, causing overheating.",4102
q200,master,master,"Before applying an insulation-resistance test voltage to a circuit with electronic equipment, what should be done?",Apply the highest available voltage without checking,Short phase to protective earth permanently,Leave every surge device connected regardless of instructions,Disconnect or protect sensitive equipment and select the correct test voltage,D,Disconnect or protect sensitive equipment and select the correct test voltage,"Electronic controls, SPDs, drives, and appliances may be damaged by test voltage, so follow applicable procedures and manufacturer instructions.",4124
